BI01-134BA1001H,isb-wlc-1.cns.vt.edu,isb-wlc-1.cns.vt.edu,N/A
BIO1-134BB1009R,isb-wlc-1.cns.vt.edu,isb-wlc-1.cns.vt.edu,N/A
BIOI1-134AA1001Y,isb-wlc-1.cns.vt.edu,isb-wlc-1.cns.vt.edu,N/A
BIOI1-134AA1003V,isb-wlc-1.cns.vt.edu,isb-wlc-1.cns.vt.edu,N/A
BIOI1-134AA1005C,isb-wlc-1.cns.vt.edu,isb-wlc-1.cns.vt.edu,N/A
BIOI1-134AA1007B,isb-wlc-1.cns.vt.edu,isb-wlc-1.cns.vt.edu,N/A
BIOI1-134AA1009N,isb-wlc-1.cns.vt.edu,isb-wlc-1.cns.vt.edu,N/A
BIOI1-134AA1011E,isb-wlc-1.cns.vt.edu,isb-wlc-1.cns.vt.edu,N/A
BIOI1-134AA1013G,198.82.169.189,198.82.169.189,N/A
BIOI1-134AA1017W,isb-wlc-1.cns.vt.edu,isb-wlc-1.cns.vt.edu,N/A
BIOI1-134AA1019C,isb-wlc-1.cns.vt.edu,isb-wlc-1.cns.vt.edu,N/A
BIOI1-134BA1003L,isb-wlc-1.cns.vt.edu,isb-wlc-1.cns.vt.edu,N/A
BIOI1-134BA1005G,isb-wlc-1.cns.vt.edu,isb-wlc-1.cns.vt.edu,N/A
BIOI1-134BA1007V,isb-wlc-1.cns.vt.edu,isb-wlc-1.cns.vt.edu,N/A
BIOI1-134BA1009X,isb-wlc-1.cns.vt.edu,isb-wlc-1.cns.vt.edu,N/A
BIOI1-134BA1011P,isb-wlc-1.cns.vt.edu,isb-wlc-1.cns.vt.edu,N/A
BIOI1-134BA1013F,isb-wlc-1.cns.vt.edu,isb-wlc-1.cns.vt.edu,N/A
BIOI1-134BA1015L,isb-wlc-1.cns.vt.edu,isb-wlc-1.cns.vt.edu,N/A
BIOI1-134BA1017A,isb-wlc-1.cns.vt.edu,isb-wlc-1.cns.vt.edu,N/A
BIOI1-134BB1001A,isb-wlc-1.cns.vt.edu,isb-wlc-1.cns.vt.edu,N/A
BIOI1-134BB1003B,isb-wlc-1.cns.vt.edu,isb-wlc-1.cns.vt.edu,N/A
BIOI1-134BB1005W,isb-wlc-1.cns.vt.edu,isb-wlc-1.cns.vt.edu,N/A
BIOI1-134BB1007J,isb-wlc-1.cns.vt.edu,isb-wlc-1.cns.vt.edu,N/A
BIOI1-134BB1011R,isb-wlc-1.cns.vt.edu,isb-wlc-1.cns.vt.edu,N/A
BIOI1-134BB1013X,isb-wlc-1.cns.vt.edu,isb-wlc-1.cns.vt.edu,N/A
BIOI1-134CA1001K,isb-wlc-1.cns.vt.edu,isb-wlc-1.cns.vt.edu,N/A
BIOI1-134CA1003M,isb-wlc-1.cns.vt.edu,isb-wlc-1.cns.vt.edu,N/A
BIOI1-134CA1005A,isb-wlc-1.cns.vt.edu,isb-wlc-1.cns.vt.edu,N/A
BIOI1-134CA1007B,isb-wlc-1.cns.vt.edu,isb-wlc-1.cns.vt.edu,N/A
BIOI1-134CA1009C,isb-wlc-1.cns.vt.edu,isb-wlc-1.cns.vt.edu,N/A
BIOI1-134CA1011S,isb-wlc-1.cns.vt.edu,isb-wlc-1.cns.vt.edu,N/A
BIOI1-134CA1013S,isb-wlc-1.cns.vt.edu,isb-wlc-1.cns.vt.edu,N/A
BIOI1-134CA1015V,isb-wlc-1.cns.vt.edu,isb-wlc-1.cns.vt.edu,N/A
BIOI1-134CA1017H,isb-wlc-1.cns.vt.edu,isb-wlc-1.cns.vt.edu,N/A
BIOI1-134CB1001U,isb-wlc-1.cns.vt.edu,isb-wlc-1.cns.vt.edu,N/A
BIOI1-134CB1003B,isb-wlc-1.cns.vt.edu,isb-wlc-1.cns.vt.edu,N/A
BIOI1-136AA1021R,isb-wlc-1.cns.vt.edu,isb-wlc-1.cns.vt.edu,N/A
BIOI1-136AA1023A,isb-wlc-1.cns.vt.edu,isb-wlc-1.cns.vt.edu,N/A
BIOI2-134AA1015F,isb-wlc-1.cns.vt.edu,isb-wlc-1.cns.vt.edu,N/A
BIOI2-136AA1003V,isb-wlc-1.cns.vt.edu,isb-wlc-1.cns.vt.edu,N/A
BIOI2-136AA1005E,isb-wlc-1.cns.vt.edu,isb-wlc-1.cns.vt.edu,N/A
BIOI2-136AA1007H,isb-wlc-1.cns.vt.edu,isb-wlc-1.cns.vt.edu,N/A
BIOI2-136AA1009V,isb-wlc-1.cns.vt.edu,isb-wlc-1.cns.vt.edu,N/A
BIOI2-136AA1011C,isb-wlc-1.cns.vt.edu,isb-wlc-1.cns.vt.edu,N/A
BIOI2-136AA1013Y,isb-wlc-1.cns.vt.edu,isb-wlc-1.cns.vt.edu,N/A
BIOI2-136AA1015J,isb-wlc-1.cns.vt.edu,isb-wlc-1.cns.vt.edu,N/A
BIOI2-136AA1017B,isb-wlc-1.cns.vt.edu,isb-wlc-1.cns.vt.edu,N/A
BIOI2-136AA1019D,isb-wlc-1.cns.vt.edu,isb-wlc-1.cns.vt.edu,N/A
BIOI2-136AA1025R,isb-wlc-1.cns.vt.edu,isb-wlc-1.cns.vt.edu,N/A
BIOI2-136AB1001R,N/A,isb-wlc-1.cns.vt.edu,N/A
BIOI2-136AB1003M,N/A,isb-wlc-1.cns.vt.edu,N/A
BIOI2-136AB1005L,isb-wlc-1.cns.vt.edu,isb-wlc-1.cns.vt.edu,N/A
BIOI2-136AB1007U,isb-wlc-1.cns.vt.edu,isb-wlc-1.cns.vt.edu,N/A
BIOI2-136AB1009N,isb-wlc-1.cns.vt.edu,isb-wlc-1.cns.vt.edu,N/A
BIOI2-136AB1011D,isb-wlc-1.cns.vt.edu,isb-wlc-1.cns.vt.edu,N/A
BIOI2-136BA1001C,isb-wlc-1.cns.vt.edu,isb-wlc-1.cns.vt.edu,N/A
BIOI2-136BA1007J,isb-wlc-1.cns.vt.edu,isb-wlc-1.cns.vt.edu,N/A
BIOI2-136BA1009N,isb-wlc-1.cns.vt.edu,isb-wlc-1.cns.vt.edu,N/A
BIOI2-136BA1011V,isb-wlc-1.cns.vt.edu,isb-wlc-1.cns.vt.edu,N/A
BIOI2-136BA1013N,isb-wlc-1.cns.vt.edu,isb-wlc-1.cns.vt.edu,N/A
BIOI2-136BA1015R,isb-wlc-1.cns.vt.edu,isb-wlc-1.cns.vt.edu,N/A
BIOI2-136BA1017B,isb-wlc-1.cns.vt.edu,isb-wlc-1.cns.vt.edu,N/A
BIOI2-136BB1001A,N/A,aruba-master,N/A
BIOI2-136BB1001M,isb-wlc-1.cns.vt.edu,isb-wlc-1.cns.vt.edu,N/A
BIOI2-136BB1003J,isb-wlc-1.cns.vt.edu,isb-wlc-1.cns.vt.edu,N/A
BIOI2-136BB1003K,N/A,aruba-master,N/A
BIOI2-136BB1003L,isb-wlc-1.cns.vt.edu,isb-wlc-1.cns.vt.edu,N/A
BIOI2-136BB1005B,N/A,aruba-master,N/A
BIOI2-136BB1007W,N/A,aruba-master,N/A
BIOI2-136BB1009X,N/A,aruba-master,N/A
BIOI2-136BB1011G,isb-wlc-1.cns.vt.edu,isb-wlc-1.cns.vt.edu,N/A
BIOI2-136BB1013E,N/A,aruba-master,N/A
BIOI2-136BB1015Q,N/A,aruba-master,N/A
BIOI2-136C1013P,isb-wlc-1.cns.vt.edu,isb-wlc-1.cns.vt.edu,N/A
BIOI2-136CA1001,isb-wlc-1.cns.vt.edu,isb-wlc-1.cns.vt.edu,N/A
BIOI2-136CA1003,isb-wlc-1.cns.vt.edu,isb-wlc-1.cns.vt.edu,N/A
BIOI2-136CA1005,isb-wlc-1.cns.vt.edu isb-wlc-1.cns.vt.edu,isb-wlc-1.cns.vt.edu isb-wlc-1.cns.vt.edu,N/A N/A
BIOI2-136CA1005V,isb-wlc-1.cns.vt.edu,isb-wlc-1.cns.vt.edu,N/A
BIOI2-136CA1007,isb-wlc-1.cns.vt.edu,isb-wlc-1.cns.vt.edu,N/A
BIOI2-136CA1009,isb-wlc-1.cns.vt.edu,isb-wlc-1.cns.vt.edu,N/A
BIOI2-136CA1011,isb-wlc-1.cns.vt.edu,isb-wlc-1.cns.vt.edu,N/A
BIOI2-136CA1013,N/A,aruba-master,N/A
BIOI2-136CA1015,isb-wlc-1.cns.vt.edu,isb-wlc-1.cns.vt.edu,N/A
BIOI2-136CAA1001A,isb-wlc-1.cns.vt.edu,isb-wlc-1.cns.vt.edu,N/A
BIOI2-136CB1005E,isb-wlc-1.cns.vt.edu,isb-wlc-1.cns.vt.edu,N/A
BIOI2-136CB1007U,isb-wlc-1.cns.vt.edu,isb-wlc-1.cns.vt.edu,N/A
BIOI2-136CB1009M,isb-wlc-1.cns.vt.edu,isb-wlc-1.cns.vt.edu,N/A
BIOI2-136CB1011R,isb-wlc-1.cns.vt.edu,isb-wlc-1.cns.vt.edu,N/A
BIOI2-136CB1015Q,isb-wlc-1.cns.vt.edu,isb-wlc-1.cns.vt.edu,N/A
CMMID-479AA1082U,isb-wlc-1.cns.vt.edu,isb-wlc-1.cns.vt.edu,N/A
CMMID-479AA1084K,isb-wlc-1.cns.vt.edu,isb-wlc-1.cns.vt.edu,N/A
CMMID-479AA1086,isb-wlc-1.cns.vt.edu,isb-wlc-1.cns.vt.edu,N/A
CMMID-479AA1087C,isb-wlc-1.cns.vt.edu,isb-wlc-1.cns.vt.edu,N/A
CMMID-479AA1089H,isb-wlc-1.cns.vt.edu,isb-wlc-1.cns.vt.edu,N/A
CMMID-479AA1093K,isb-wlc-1.cns.vt.edu,isb-wlc-1.cns.vt.edu,N/A
CMMID-479AA1095A,isb-wlc-1.cns.vt.edu,isb-wlc-1.cns.vt.edu,N/A
CMMID-479AA1096,isb-wlc-1.cns.vt.edu,isb-wlc-1.cns.vt.edu,N/A
CMMID-479AA1099,,,
CMMID-479AA1101X,isb-wlc-1.cns.vt.edu,isb-wlc-1.cns.vt.edu,N/A
CMMID-479AA1105K,isb-wlc-1.cns.vt.edu,isb-wlc-1.cns.vt.edu,N/A
CMMID-479AA1107G,isb-wlc-1.cns.vt.edu,isb-wlc-1.cns.vt.edu,N/A
CMMID-479AA1111T,isb-wlc-1.cns.vt.edu,isb-wlc-1.cns.vt.edu,N/A
CMMID-479AA1112G,isb-wlc-1.cns.vt.edu,isb-wlc-1.cns.vt.edu,N/A
CMMID-479AA1114X,isb-wlc-1.cns.vt.edu,isb-wlc-1.cns.vt.edu,N/A
CMMID-479AA1115Q,isb-wlc-1.cns.vt.edu,isb-wlc-1.cns.vt.edu,N/A
CMMID-479AA1117D,isb-wlc-1.cns.vt.edu,isb-wlc-1.cns.vt.edu,N/A
CMMID-479AA1119A,isb-wlc-1.cns.vt.edu,isb-wlc-1.cns.vt.edu,N/A
CMMID-479AA1122F,isb-wlc-1.cns.vt.edu,isb-wlc-1.cns.vt.edu,N/A
CMMID-479AA1140,isb-wlc-1.cns.vt.edu,isb-wlc-1.cns.vt.edu,N/A
CMMID-479AA1144J,isb-wlc-1.cns.vt.edu,isb-wlc-1.cns.vt.edu,N/A
CMMID-479AA1146B,isb-wlc-1.cns.vt.edu,isb-wlc-1.cns.vt.edu,N/A
CMMID-479AA1148,isb-wlc-1.cns.vt.edu,isb-wlc-1.cns.vt.edu,N/A
CMMID-479AA1150,isb-wlc-1.cns.vt.edu,isb-wlc-1.cns.vt.edu,N/A
CMMID-479AA1152,isb-wlc-1.cns.vt.edu,isb-wlc-1.cns.vt.edu,N/A
CMMID-479AA1154,isb-wlc-1.cns.vt.edu,isb-wlc-1.cns.vt.edu,N/A
CMMID-479AA1157L,isb-wlc-1.cns.vt.edu,isb-wlc-1.cns.vt.edu,N/A
CMMID-479AA1158E,isb-wlc-1.cns.vt.edu,isb-wlc-1.cns.vt.edu,N/A
CMMID-479AA1160M,isb-wlc-1.cns.vt.edu,isb-wlc-1.cns.vt.edu,N/A
CMMID-479AA1162B,isb-wlc-1.cns.vt.edu,isb-wlc-1.cns.vt.edu,N/A
CMMID-479AA1164G,isb-wlc-1.cns.vt.edu,isb-wlc-1.cns.vt.edu,N/A
CSB-266BA1001G,isb-wlc-1.cns.vt.edu,isb-wlc-1.cns.vt.edu,N/A
CSB-266BA1003M,isb-wlc-1.cns.vt.edu,isb-wlc-1.cns.vt.edu,N/A
CSB-266BA1005G,isb-wlc-1.cns.vt.edu,isb-wlc-1.cns.vt.edu,N/A
CSB-266BA1007X,isb-wlc-1.cns.vt.edu,isb-wlc-1.cns.vt.edu,N/A
CSB-266BA1009N,isb-wlc-1.cns.vt.edu,isb-wlc-1.cns.vt.edu,N/A
CSB-266BA1011M,isb-wlc-1.cns.vt.edu,isb-wlc-1.cns.vt.edu,N/A
CSB-266BA1013G,isb-wlc-1.cns.vt.edu,isb-wlc-1.cns.vt.edu,N/A
CSB-266BA1015K,isb-wlc-1.cns.vt.edu,isb-wlc-1.cns.vt.edu,N/A
CSB-266BA1017C,isb-wlc-1.cns.vt.edu,isb-wlc-1.cns.vt.edu,N/A
CSB-266BA1019Y,isb-wlc-1.cns.vt.edu,isb-wlc-1.cns.vt.edu,N/A
CSB-266BA1021Q,isb-wlc-1.cns.vt.edu,isb-wlc-1.cns.vt.edu,N/A
CSB-266BA1023Q,isb-wlc-1.cns.vt.edu,isb-wlc-1.cns.vt.edu,N/A
CSB-266BA1025N,isb-wlc-1.cns.vt.edu,isb-wlc-1.cns.vt.edu,N/A
CSB-266BA1027F,isb-wlc-1.cns.vt.edu,isb-wlc-1.cns.vt.edu,N/A
CSB-266BA1029S,isb-wlc-1.cns.vt.edu,isb-wlc-1.cns.vt.edu,N/A
CSB-266BA1031P,isb-wlc-1.cns.vt.edu,isb-wlc-1.cns.vt.edu,N/A
CSB-266BA1033P,isb-wlc-1.cns.vt.edu,isb-wlc-1.cns.vt.edu,N/A
CSB-266BA1035K,isb-wlc-1.cns.vt.edu,isb-wlc-1.cns.vt.edu,N/A
CSB-266BA1037P,isb-wlc-1.cns.vt.edu,isb-wlc-1.cns.vt.edu,N/A
CSB-266BA1039Y,isb-wlc-1.cns.vt.edu,isb-wlc-1.cns.vt.edu,N/A
CSB-266BA1041Y,isb-wlc-1.cns.vt.edu,isb-wlc-1.cns.vt.edu,N/A
CSB-266BA1043M,isb-wlc-1.cns.vt.edu,isb-wlc-1.cns.vt.edu,N/A
CSB-266BA1045H,isb-wlc-1.cns.vt.edu,isb-wlc-1.cns.vt.edu,N/A
CSB-266BA1047E,isb-wlc-1.cns.vt.edu,isb-wlc-1.cns.vt.edu,N/A
CSB-266BA1049K,isb-wlc-1.cns.vt.edu,isb-wlc-1.cns.vt.edu,N/A
CSB-266BA1051E,isb-wlc-1.cns.vt.edu,isb-wlc-1.cns.vt.edu,N/A
CSB-266BA1053G,isb-wlc-1.cns.vt.edu,isb-wlc-1.cns.vt.edu,N/A
CSB-266BA1055X,isb-wlc-1.cns.vt.edu,isb-wlc-1.cns.vt.edu,N/A
CSB-266BA1057W,isb-wlc-1.cns.vt.edu,isb-wlc-1.cns.vt.edu,N/A
FRA-128BA1001A,isb-wlc-1.cns.vt.edu,isb-wlc-1.cns.vt.edu,N/A
FRA-128BA1003C,isb-wlc-1.cns.vt.edu,isb-wlc-1.cns.vt.edu,N/A
FRA-128BA1005M,isb-wlc-1.cns.vt.edu,isb-wlc-1.cns.vt.edu,N/A
FRA-128BA1007R,isb-wlc-1.cns.vt.edu,isb-wlc-1.cns.vt.edu,N/A
FRA-128BA1009K,isb-wlc-1.cns.vt.edu,isb-wlc-1.cns.vt.edu,N/A
FRA-128BA1011L,isb-wlc-1.cns.vt.edu,isb-wlc-1.cns.vt.edu,N/A
FRA-128BA1013N,isb-wlc-1.cns.vt.edu,isb-wlc-1.cns.vt.edu,N/A
FRA-128BA1015N,isb-wlc-1.cns.vt.edu,isb-wlc-1.cns.vt.edu,N/A
FRA-128BA1017S,isb-wlc-1.cns.vt.edu,isb-wlc-1.cns.vt.edu,N/A
FRA-128BA1019M,isb-wlc-1.cns.vt.edu,isb-wlc-1.cns.vt.edu,N/A
FRA-128BA1021T,isb-wlc-1.cns.vt.edu,isb-wlc-1.cns.vt.edu,N/A
FRA-128BA1023F,isb-wlc-1.cns.vt.edu,isb-wlc-1.cns.vt.edu,N/A
FRA-128BA1025R,isb-wlc-1.cns.vt.edu,isb-wlc-1.cns.vt.edu,N/A
FRA-128BA1027F,isb-wlc-1.cns.vt.edu,isb-wlc-1.cns.vt.edu,N/A
FRA-128BA1029Y,isb-wlc-1.cns.vt.edu,isb-wlc-1.cns.vt.edu,N/A
FRA-128BA1031Y,isb-wlc-1.cns.vt.edu,isb-wlc-1.cns.vt.edu,N/A
FRA-128BA1033A,isb-wlc-1.cns.vt.edu,isb-wlc-1.cns.vt.edu,N/A
FRA-128BA1035H,isb-wlc-1.cns.vt.edu,isb-wlc-1.cns.vt.edu,N/A
FRA-128BA1037C,isb-wlc-1.cns.vt.edu,isb-wlc-1.cns.vt.edu,N/A
FRA-128BA1039B,isb-wlc-1.cns.vt.edu,isb-wlc-1.cns.vt.edu,N/A
FRA-128BA1041A,isb-wlc-1.cns.vt.edu,isb-wlc-1.cns.vt.edu,N/A
FRA-128BA1043A,isb-wlc-1.cns.vt.edu,isb-wlc-1.cns.vt.edu,N/A
FRA-128BA1045Q,isb-wlc-1.cns.vt.edu,isb-wlc-1.cns.vt.edu,N/A
FRA-128BA1047S,isb-wlc-1.cns.vt.edu,isb-wlc-1.cns.vt.edu,N/A
FRA-128BA1049H,isb-wlc-1.cns.vt.edu,isb-wlc-1.cns.vt.edu,N/A
FRA-128BA1051X,isb-wlc-1.cns.vt.edu,isb-wlc-1.cns.vt.edu,N/A
FRA-128BA1053G,isb-wlc-1.cns.vt.edu,isb-wlc-1.cns.vt.edu,N/A
FRA-128BA1055P,isb-wlc-1.cns.vt.edu,isb-wlc-1.cns.vt.edu,N/A
FRA-128BA1057A,isb-wlc-1.cns.vt.edu,isb-wlc-1.cns.vt.edu,N/A
FRA-128BA1059A,isb-wlc-1.cns.vt.edu,isb-wlc-1.cns.vt.edu,N/A
FRA-128BA1061P,isb-wlc-1.cns.vt.edu,isb-wlc-1.cns.vt.edu,N/A
FRA-128BA1063Y,isb-wlc-1.cns.vt.edu,isb-wlc-1.cns.vt.edu,N/A
FRA-128BA1065H,isb-wlc-1.cns.vt.edu,isb-wlc-1.cns.vt.edu,N/A
FRA-128BA1067F,isb-wlc-1.cns.vt.edu,isb-wlc-1.cns.vt.edu,N/A
FST-147BA1129Y,,,
FST-147BA1137F,,,
FST-147BA1139B,,,
FST-147BA1141V,,,
FST-147BA1143J,,,
FST-147BA1145T,,,
FST-147BA1147H,,,
FST-147BA1149K,,,
FST-147BA1151R,,,
FST-147BA1153S,,,
FST-147BA1155W,,,
FST-147BA1157L,,,
FST-147BA1159K,,,
FST-147BA1161Y,,,
FST-147BA1163A,,,
FST-147BA1165S,,,
FST-147BA1167B,,,
FST-147CA1001V,,,
FST-147CA1015X,,,
FST-147CA1065Y,,,
FST-147CA1071V,,,
FST-147CA1073N,,,
FST-147CA1075B,,,
GRO-200-AP02,isb-wlc-1.cns.vt.edu,isb-wlc-1.cns.vt.edu,N/A
GRO-200-AP03,isb-wlc-1.cns.vt.edu,isb-wlc-1.cns.vt.edu,N/A
GRO-B1-AP01,isb-wlc-1.cns.vt.edu,isb-wlc-1.cns.vt.edu,N/A
GRO-B2-AP01,isb-wlc-1.cns.vt.edu,isb-wlc-1.cns.vt.edu,N/A
GRO-B7-AP01,isb-wlc-1.cns.vt.edu,isb-wlc-1.cns.vt.edu,N/A
HABB1-111CA1002K,isb-wlc-1.cns.vt.edu,isb-wlc-1.cns.vt.edu,N/A
HABB1-111CA1016N,isb-wlc-1.cns.vt.edu,N/A,198.82.169.189
HABB1-111CA1018H,isb-wlc-1.cns.vt.edu,isb-wlc-1.cns.vt.edu,N/A
HABB1-111CA1027Y,isb-wlc-1.cns.vt.edu,isb-wlc-1.cns.vt.edu,N/A
HABB1-111CA1035X,isb-wlc-1.cns.vt.edu,isb-wlc-1.cns.vt.edu,N/A
HABB1-111CA1053B,isb-wlc-1.cns.vt.edu,isb-wlc-1.cns.vt.edu,N/A
HABB1-111CA1059X,isb-wlc-1.cns.vt.edu,isb-wlc-1.cns.vt.edu,N/A
HABB1-111CA1063H,isb-wlc-1.cns.vt.edu,isb-wlc-1.cns.vt.edu,N/A
HABB1-111CA1073A,isb-wlc-1.cns.vt.edu,isb-wlc-1.cns.vt.edu,N/A
HABB1-111CA1075F,isb-wlc-1.cns.vt.edu,isb-wlc-1.cns.vt.edu,N/A
HABB1-111CA1081N,isb-wlc-1.cns.vt.edu,isb-wlc-1.cns.vt.edu,N/A
HABB1-111CA1090P,isb-wlc-1.cns.vt.edu,isb-wlc-1.cns.vt.edu,N/A
HABB1-111CA1106F,isb-wlc-1.cns.vt.edu,isb-wlc-1.cns.vt.edu,N/A
HABB1-111CA1117J,isb-wlc-1.cns.vt.edu,N/A,198.82.169.189
HABB1-111CA1125W,isb-wlc-1.cns.vt.edu,isb-wlc-1.cns.vt.edu,N/A
HABB1-111CA1131X,isb-wlc-1.cns.vt.edu,isb-wlc-1.cns.vt.edu,N/A
HABB1-111CA1134S,isb-wlc-1.cns.vt.edu,isb-wlc-1.cns.vt.edu,N/A
HABB1-111CA1138N,isb-wlc-1.cns.vt.edu,isb-wlc-1.cns.vt.edu,N/A
HABB1-111CA1144T,isb-wlc-1.cns.vt.edu,isb-wlc-1.cns.vt.edu,N/A
HABB1-111CA1151K,isb-wlc-1.cns.vt.edu,isb-wlc-1.cns.vt.edu,N/A
HABB1-111CA1162W,isb-wlc-1.cns.vt.edu,N/A,198.82.169.189
HABB1-111CA1183F,isb-wlc-1.cns.vt.edu,isb-wlc-1.cns.vt.edu,N/A
HABB1-111CA1185H,isb-wlc-1.cns.vt.edu,isb-wlc-1.cns.vt.edu,N/A
HABB1-111CA1193F,isb-wlc-1.cns.vt.edu,isb-wlc-1.cns.vt.edu,N/A
HABB1-111CA1196R,isb-wlc-1.cns.vt.edu,isb-wlc-1.cns.vt.edu,N/A
HABB1-111CA1199G,isb-wlc-1.cns.vt.edu,isb-wlc-1.cns.vt.edu,N/A
HABB1-111CA1201V,isb-wlc-1.cns.vt.edu,isb-wlc-1.cns.vt.edu,N/A
HABB1-111CA1203G,isb-wlc-1.cns.vt.edu,isb-wlc-1.cns.vt.edu,N/A
HABB1-111CA1213C,isb-wlc-1.cns.vt.edu,isb-wlc-1.cns.vt.edu,N/A
HABB1-111CA1219W,isb-wlc-1.cns.vt.edu,isb-wlc-1.cns.vt.edu,N/A
HABB1-111CA1225R,isb-wlc-1.cns.vt.edu,isb-wlc-1.cns.vt.edu,N/A
HABB1-111CA1236F,isb-wlc-1.cns.vt.edu,isb-wlc-1.cns.vt.edu,N/A
HABB1-111CA1240H,isb-wlc-1.cns.vt.edu,isb-wlc-1.cns.vt.edu,N/A
HABB1-111CA1252S,isb-wlc-1.cns.vt.edu,isb-wlc-1.cns.vt.edu,N/A
HABB1-111CA1261T,isb-wlc-1.cns.vt.edu,isb-wlc-1.cns.vt.edu,N/A
HABB1-111CA1268G,isb-wlc-1.cns.vt.edu,isb-wlc-1.cns.vt.edu,N/A
HABB1-111CA1285C,isb-wlc-1.cns.vt.edu,isb-wlc-1.cns.vt.edu,N/A
HABB1-111CA1288Y,isb-wlc-1.cns.vt.edu,isb-wlc-1.cns.vt.edu,N/A
HABB1-111CA1298N,isb-wlc-1.cns.vt.edu,isb-wlc-1.cns.vt.edu,N/A
HABB1-111CA1303J,isb-wlc-1.cns.vt.edu,N/A,198.82.169.189
HABB1-111CA1307C,isb-wlc-1.cns.vt.edu,isb-wlc-1.cns.vt.edu,N/A
HABB1-111CA1309K,isb-wlc-1.cns.vt.edu,isb-wlc-1.cns.vt.edu,N/A
HABB1-111CA1311D,isb-wlc-1.cns.vt.edu,isb-wlc-1.cns.vt.edu,N/A
HABB1-111CA1313N,isb-wlc-1.cns.vt.edu,isb-wlc-1.cns.vt.edu,N/A
HABB1-111CA1317N,isb-wlc-1.cns.vt.edu,isb-wlc-1.cns.vt.edu,N/A
HABB1-111CA1319L,isb-wlc-1.cns.vt.edu,isb-wlc-1.cns.vt.edu,N/A
HABB1-111CA1323R,isb-wlc-1.cns.vt.edu,isb-wlc-1.cns.vt.edu,N/A
HABB1-111CA1326E,isb-wlc-1.cns.vt.edu,isb-wlc-1.cns.vt.edu,N/A
HABB1-111DA1003G,isb-wlc-1.cns.vt.edu,isb-wlc-1.cns.vt.edu,N/A
HABB1-111DA1006V,isb-wlc-1.cns.vt.edu,isb-wlc-1.cns.vt.edu,N/A
HABB1-111DA1011U,isb-wlc-1.cns.vt.edu,isb-wlc-1.cns.vt.edu,N/A
HABB1-111DA1018C,isb-wlc-1.cns.vt.edu,isb-wlc-1.cns.vt.edu,N/A
HABB1-111DA1028T,isb-wlc-1.cns.vt.edu,isb-wlc-1.cns.vt.edu,N/A
HABB1-111DA1041S,isb-wlc-1.cns.vt.edu,isb-wlc-1.cns.vt.edu,N/A
HABB1-111DA1043T,isb-wlc-1.cns.vt.edu,isb-wlc-1.cns.vt.edu,N/A
HABB1-111DA1047P,isb-wlc-1.cns.vt.edu,isb-wlc-1.cns.vt.edu,N/A
HABB1-111DA1064V,isb-wlc-1.cns.vt.edu,isb-wlc-1.cns.vt.edu,N/A
HABB1-111DA1070L,isb-wlc-1.cns.vt.edu,isb-wlc-1.cns.vt.edu,N/A
HABB1-111DA1073R,isb-wlc-1.cns.vt.edu,isb-wlc-1.cns.vt.edu,N/A
HABB1-111DA1079J,isb-wlc-1.cns.vt.edu,isb-wlc-1.cns.vt.edu,N/A
HABB1-111DA1089B,isb-wlc-1.cns.vt.edu,isb-wlc-1.cns.vt.edu,N/A
HABB1-111DA1094A,isb-wlc-1.cns.vt.edu,N/A,198.82.169.189
HABB1-111DA1101C,isb-wlc-1.cns.vt.edu,N/A,198.82.169.189
HABB1-111DA1105Y,isb-wlc-1.cns.vt.edu,N/A,198.82.169.189
HABB1-111DA1116G,isb-wlc-1.cns.vt.edu,isb-wlc-1.cns.vt.edu,N/A
HABB1-111DA1127Y,isb-wlc-1.cns.vt.edu,isb-wlc-1.cns.vt.edu,N/A
HABB1-111DA1137A,isb-wlc-1.cns.vt.edu,N/A,198.82.169.189
HABB1-111DA1140Q,isb-wlc-1.cns.vt.edu,isb-wlc-1.cns.vt.edu,N/A
HABB1-440DA1075,isb-wlc-1.cns.vt.edu,isb-wlc-1.cns.vt.edu,N/A
ICTAS2-900AA1153X,isb-wlc-1.cns.vt.edu,isb-wlc-1.cns.vt.edu,N/A
ICTAS2-900AA1237J,isb-wlc-1.cns.vt.edu,isb-wlc-1.cns.vt.edu,N/A
ICTAS2-900AA1273N,isb-wlc-1.cns.vt.edu,isb-wlc-1.cns.vt.edu,N/A
ICTAS2-900AA1275J,isb-wlc-1.cns.vt.edu,isb-wlc-1.cns.vt.edu,N/A
ICTAS2-900AA1277E,isb-wlc-1.cns.vt.edu,isb-wlc-1.cns.vt.edu,N/A
ICTAS2-900AA1279A,isb-wlc-1.cns.vt.edu,isb-wlc-1.cns.vt.edu,N/A
ICTAS2-900AA1281S,isb-wlc-1.cns.vt.edu,isb-wlc-1.cns.vt.edu,N/A
ICTAS2-900AA1285S,isb-wlc-1.cns.vt.edu,isb-wlc-1.cns.vt.edu,N/A
ICTAS2-900BA1320W,isb-wlc-1.cns.vt.edu,isb-wlc-1.cns.vt.edu,N/A
ICTAS2-900BA1322N,isb-wlc-1.cns.vt.edu,isb-wlc-1.cns.vt.edu,N/A
ICTAS2-900BA1324G,isb-wlc-1.cns.vt.edu,isb-wlc-1.cns.vt.edu,N/A
ICTAS2-900BA1326C,isb-wlc-1.cns.vt.edu,isb-wlc-1.cns.vt.edu,N/A
ICTAS2-900BA1328A,isb-wlc-1.cns.vt.edu,isb-wlc-1.cns.vt.edu,N/A
ICTAS2-900BA1330E,isb-wlc-1.cns.vt.edu,isb-wlc-1.cns.vt.edu,N/A
ICTAS2-900BA1332W,isb-wlc-1.cns.vt.edu,isb-wlc-1.cns.vt.edu,N/A
ICTAS2-900BA1334,isb-wlc-1.cns.vt.edu,isb-wlc-1.cns.vt.edu,N/A
ICTAS2-900CA1168T,isb-wlc-1.cns.vt.edu,isb-wlc-1.cns.vt.edu,N/A
ICTAS2-900CA1176L,isb-wlc-1.cns.vt.edu,isb-wlc-1.cns.vt.edu,N/A
ICTAS2-900CA1180U,isb-wlc-1.cns.vt.edu,isb-wlc-1.cns.vt.edu,N/A
ICTAS2-900CA1204P,isb-wlc-1.cns.vt.edu,isb-wlc-1.cns.vt.edu,N/A
ICTAS2-900CA1208G,isb-wlc-1.cns.vt.edu,isb-wlc-1.cns.vt.edu,N/A
ICTAS2-900CA1210N,isb-wlc-1.cns.vt.edu,isb-wlc-1.cns.vt.edu,N/A
ICTAS2-900CA1214S,isb-wlc-1.cns.vt.edu,isb-wlc-1.cns.vt.edu,N/A
LATH-131BA1013H,isb-wlc-1.cns.vt.edu,isb-wlc-1.cns.vt.edu,N/A
LATH-131BA1025J,isb-wlc-1.cns.vt.edu,isb-wlc-1.cns.vt.edu,N/A
LATH-131BA1031J,isb-wlc-1.cns.vt.edu,isb-wlc-1.cns.vt.edu,N/A
LATH-131BA1037K,isb-wlc-1.cns.vt.edu,isb-wlc-1.cns.vt.edu,N/A
LATH-131BA1039D,isb-wlc-1.cns.vt.edu,isb-wlc-1.cns.vt.edu,N/A
LATH-131BA1041Q,isb-wlc-1.cns.vt.edu,isb-wlc-1.cns.vt.edu,N/A
LATH-131CA1374L,isb-wlc-1.cns.vt.edu,isb-wlc-1.cns.vt.edu,N/A
LATH-131CA1376F,isb-wlc-1.cns.vt.edu,isb-wlc-1.cns.vt.edu,N/A
LATH-131CA1378N,isb-wlc-1.cns.vt.edu,isb-wlc-1.cns.vt.edu,N/A
LATH-131CA1380E,isb-wlc-1.cns.vt.edu,isb-wlc-1.cns.vt.edu,N/A
LATH-131CA1382H,isb-wlc-1.cns.vt.edu,isb-wlc-1.cns.vt.edu,N/A
LATH-131CA1384M,isb-wlc-1.cns.vt.edu,isb-wlc-1.cns.vt.edu,N/A
LATH-131CA1386K,isb-wlc-1.cns.vt.edu,isb-wlc-1.cns.vt.edu,N/A
LATH-131CA1388D,isb-wlc-1.cns.vt.edu,isb-wlc-1.cns.vt.edu,N/A
LATH-131CA1390H,isb-wlc-1.cns.vt.edu,isb-wlc-1.cns.vt.edu,N/A
LATH-131CA1392D,isb-wlc-1.cns.vt.edu,isb-wlc-1.cns.vt.edu,N/A
LATH-131CA1394V,isb-wlc-1.cns.vt.edu,isb-wlc-1.cns.vt.edu,N/A
LATH-131CA1396Y,isb-wlc-1.cns.vt.edu,isb-wlc-1.cns.vt.edu,N/A
LATH-131CA1398C,isb-wlc-1.cns.vt.edu,isb-wlc-1.cns.vt.edu,N/A
LATH-131CA1400Q,isb-wlc-1.cns.vt.edu,isb-wlc-1.cns.vt.edu,N/A
LATH-131CA1402F,isb-wlc-1.cns.vt.edu,isb-wlc-1.cns.vt.edu,N/A
LATH-131CA1404U,isb-wlc-1.cns.vt.edu,isb-wlc-1.cns.vt.edu,N/A
LATH-131CA1406C,isb-wlc-1.cns.vt.edu,isb-wlc-1.cns.vt.edu,N/A
LATH-131CA1408X,isb-wlc-1.cns.vt.edu,isb-wlc-1.cns.vt.edu,N/A
LATH-131CA1410B,isb-wlc-1.cns.vt.edu,isb-wlc-1.cns.vt.edu,N/A
LATH-131CA1412R,isb-wlc-1.cns.vt.edu,isb-wlc-1.cns.vt.edu,N/A
LATH-131CA1414X,isb-wlc-1.cns.vt.edu,isb-wlc-1.cns.vt.edu,N/A
LATH-131CA1416T,isb-wlc-1.cns.vt.edu,isb-wlc-1.cns.vt.edu,N/A
LATH-131CA1418L,isb-wlc-1.cns.vt.edu,isb-wlc-1.cns.vt.edu,N/A
LATH-131DA1313D,isb-wlc-1.cns.vt.edu,isb-wlc-1.cns.vt.edu,N/A
LATH-131DA1315Y,isb-wlc-1.cns.vt.edu,isb-wlc-1.cns.vt.edu,N/A
LATH-131DA1317S,isb-wlc-1.cns.vt.edu,isb-wlc-1.cns.vt.edu,N/A
LATH-131DA1319J,isb-wlc-1.cns.vt.edu,isb-wlc-1.cns.vt.edu,N/A
LATH-131DA1321T,isb-wlc-1.cns.vt.edu,isb-wlc-1.cns.vt.edu,N/A
LATH-131DA1323K,isb-wlc-1.cns.vt.edu,isb-wlc-1.cns.vt.edu,N/A
LATH-131DA1325K,isb-wlc-1.cns.vt.edu,isb-wlc-1.cns.vt.edu,N/A
LATH-131DA1327S,isb-wlc-1.cns.vt.edu,isb-wlc-1.cns.vt.edu,N/A
LATH-131DA1329F,isb-wlc-1.cns.vt.edu,isb-wlc-1.cns.vt.edu,N/A
LATH-131DA1331Q,isb-wlc-1.cns.vt.edu,isb-wlc-1.cns.vt.edu,N/A
LATH-131DA1333U,isb-wlc-1.cns.vt.edu,isb-wlc-1.cns.vt.edu,N/A
LATH-131DA1335P,isb-wlc-1.cns.vt.edu,isb-wlc-1.cns.vt.edu,N/A
LATH-131DA1337W,isb-wlc-1.cns.vt.edu,isb-wlc-1.cns.vt.edu,N/A
LATH-131DA1339A,isb-wlc-1.cns.vt.edu,isb-wlc-1.cns.vt.edu,N/A
LATH-131DA1341U,isb-wlc-1.cns.vt.edu,isb-wlc-1.cns.vt.edu,N/A
LATH-131DA1343A,isb-wlc-1.cns.vt.edu,isb-wlc-1.cns.vt.edu,N/A
LATH-131EA1322G,isb-wlc-1.cns.vt.edu,isb-wlc-1.cns.vt.edu,N/A
LATH-131EA1324X,isb-wlc-1.cns.vt.edu,isb-wlc-1.cns.vt.edu,N/A
LATH-131EA1326E,isb-wlc-1.cns.vt.edu,isb-wlc-1.cns.vt.edu,N/A
LATH-131EA1328U,isb-wlc-1.cns.vt.edu,isb-wlc-1.cns.vt.edu,N/A
LATH-131EA1330M,isb-wlc-1.cns.vt.edu,isb-wlc-1.cns.vt.edu,N/A
LATH-131EA1332X,isb-wlc-1.cns.vt.edu,isb-wlc-1.cns.vt.edu,N/A
LATH-131EA1334M,isb-wlc-1.cns.vt.edu,isb-wlc-1.cns.vt.edu,N/A
LATH-131EA1336T,isb-wlc-1.cns.vt.edu,isb-wlc-1.cns.vt.edu,N/A
LATH-131EA1338B,isb-wlc-1.cns.vt.edu,isb-wlc-1.cns.vt.edu,N/A
LATH-131EA1340Y,isb-wlc-1.cns.vt.edu,isb-wlc-1.cns.vt.edu,N/A
LATH-131EA1342U,isb-wlc-1.cns.vt.edu,isb-wlc-1.cns.vt.edu,N/A
LATH-131EA1344M,isb-wlc-1.cns.vt.edu,isb-wlc-1.cns.vt.edu,N/A
LATH-131EA1346T,isb-wlc-1.cns.vt.edu,isb-wlc-1.cns.vt.edu,N/A
LATH-131EA1348D,isb-wlc-1.cns.vt.edu,isb-wlc-1.cns.vt.edu,N/A
LATH-131EA1350H,isb-wlc-1.cns.vt.edu,isb-wlc-1.cns.vt.edu,N/A
LATH-131EA1352C,isb-wlc-1.cns.vt.edu,isb-wlc-1.cns.vt.edu,N/A
LATH-131EA1354T,isb-wlc-1.cns.vt.edu,isb-wlc-1.cns.vt.edu,N/A
MALL2-871AA1120A,isb-wlc-1.cns.vt.edu,isb-wlc-1.cns.vt.edu,N/A
MALL2-871AA1122P,isb-wlc-1.cns.vt.edu,N/A,N/A
MALL2-871AA1124V,isb-wlc-1.cns.vt.edu,N/A,N/A
MC0-263CA1011H,,,
MC0-263CA1015J,,,
MC0-263CA1019K,,,
MCO-263AA1001E,,,
MCO-263AA1001E,,,
MCO-263AB1001N,,,
MCO-263AB1003W,,,
MCO-263AB1005B,,,
MCO-263AB1007U,,,
MCO-263AB1009J,,,
MCO-263AB1011N,,,
MCO-263AB1013T,,,
MCO-263BA1001X,,,
MCO-263BA1003J,,,
MCO-263BA1005Y,,,
MCO-263BA1007X,,,
MCO-263BA1009N,,,
MCO-263BA1011N,,,
MCO-263BA1013V,,,
MCO-263BA1015U,,,
MCO-263BA1017D,,,
MCO-263BA1019U,,,
MCO-263BB1001T,,,
MCO-263BB1003H,,,
MCO-263BB1005X,,,
MCO-263BB1007P,,,
MCO-263BB1009D,,,
MCO-263BB1011T,,,
MCO-263BC1003S,,,
MCO-263CA1001J,,,
MCO-263CA1003K,,,
MCO-263CA1005E,,,
MCO-263CA1007H,,,
MCO-263CA1009U,,,
MCO-263CA1013R,,,
MCO-263CA1017G,,,
MCO-263CA1021W,,,
MCO-263CA1023R,,,
MCO-263CA1025E,,,
MCO-263CB1022,,,
MCO-263CB1126X,,,
MCO-263CB1149W,,,
MCO-263CB1151B,,,
MCO-263CB1163Q,,,
MCO-263CB1165X,,,
MCO-263CB1167Y,,,
MCO-263CB1171R,,,
MCO-263CB1173D,,,
MCO-263CB1175Y,,,
MCO-266AB1015P,isb-wlc-1.cns.vt.edu,isb-wlc-1.cns.vt.edu,N/A
PW3-290AA1001X,isb-wlc-1.cns.vt.edu,isb-wlc-1.cns.vt.edu,N/A
PW3-290AA1003B,isb-wlc-1.cns.vt.edu,isb-wlc-1.cns.vt.edu,N/A
PW3-290AA1005X,isb-wlc-1.cns.vt.edu,isb-wlc-1.cns.vt.edu,N/A
PW3-290AA1007N,isb-wlc-1.cns.vt.edu,isb-wlc-1.cns.vt.edu,N/A
PW3-290AA1009W,isb-wlc-1.cns.vt.edu,isb-wlc-1.cns.vt.edu,N/A
PWC-280AA1001W,N/A,aruba-master,N/A
PWC-280AA1003N,N/A,aruba-master,N/A
PWC-280AA1005E,N/A,aruba-master,N/A
PWC-280AA1007K,N/A,aruba-master,N/A
PWC-280AA1009W,N/A,aruba-master,N/A
PWC-280BA1001U,N/A,aruba-master,N/A
PWC-280BA1003R,N/A,aruba-master,N/A
PWC-280BA1005X,N/A,aruba-master,N/A
PWC-280BA1007S,N/A,aruba-master,N/A
PWC-280BA1009M,N/A,aruba-master,N/A
PWC-280BA1011T,N/A,aruba-master,N/A
PWC-280BA1013Q,N/A,aruba-master,N/A
PWC-280BA1015G,N/A,aruba-master,N/A
R14-023-AP-1,isb-wlc-1.cns.vt.edu,N/A,198.82.169.189
R14-025-AP-1,isb-wlc-1.cns.vt.edu,N/A,198.82.169.189
R14-102-AP-1,isb-wlc-1.cns.vt.edu,N/A,198.82.169.189
R14-104-AP-1,isb-wlc-1.cns.vt.edu,N/A,198.82.169.189
R14-109-AP-1,198.82.169.189,N/A,198.82.169.189
R14-125-AP-1,isb-wlc-1.cns.vt.edu,N/A,198.82.169.189
R14-201-AP-1,N/A,isb-wlc-1.cns.vt.edu,N/A
R14-202-AP-1,isb-wlc-1.cns.vt.edu,N/A,198.82.169.189
R14-208-AP-1,N/A,N/A,N/A
R14-213-AP-1,198.82.169.189,N/A,198.82.169.189
R14-225-AP-1,198.82.169.189,N/A,198.82.169.189
R14-225-AP-2,198.82.169.189,N/A,198.82.169.189
SPA-100AAP01B,isb-wlc-1.cns.vt.edu,isb-wlc-1.cns.vt.edu,N/A
SPB-100AAP01B,isb-wlc-1.cns.vt.edu,isb-wlc-1.cns.vt.edu,N/A
SPC-200AP01B,isb-wlc-1.cns.vt.edu,isb-wlc-1.cns.vt.edu,N/A
SPD-100NEW,isb-wlc-1.cns.vt.edu,isb-wlc-1.cns.vt.edu,N/A
SPE-100NEW,isb-wlc-1.cns.vt.edu,isb-wlc-1.cns.vt.edu,N/A
SPF-100NEW,isb-wlc-1.cns.vt.edu,isb-wlc-1.cns.vt.edu,N/A
SPG-100NEW,isb-wlc-1.cns.vt.edu,isb-wlc-1.cns.vt.edu,N/A
SPH-100AP01B,isb-wlc-1.cns.vt.edu,isb-wlc-1.cns.vt.edu,N/A
SPI-100AP01B,isb-wlc-1.cns.vt.edu,isb-wlc-1.cns.vt.edu,N/A
SPJ-100AP01B,isb-wlc-1.cns.vt.edu,isb-wlc-1.cns.vt.edu,N/A
SPK-B14AP01B,isb-wlc-1.cns.vt.edu,isb-wlc-1.cns.vt.edu,N/A
SPK-B54AP01B,isb-wlc-1.cns.vt.edu,isb-wlc-1.cns.vt.edu,N/A
SPM-B14AP01B,isb-wlc-1.cns.vt.edu,isb-wlc-1.cns.vt.edu,N/A
SPM-B54AP01B,isb-wlc-1.cns.vt.edu,isb-wlc-1.cns.vt.edu,N/A
SPO-B14AP01B,isb-wlc-1.cns.vt.edu,isb-wlc-1.cns.vt.edu,N/A
SPO-B54AP01B,isb-wlc-1.cns.vt.edu,isb-wlc-1.cns.vt.edu,N/A
SPQ-B14AP01B,isb-wlc-1.cns.vt.edu,isb-wlc-1.cns.vt.edu,N/A
SPQ-B54AP01B,isb-wlc-1.cns.vt.edu,isb-wlc-1.cns.vt.edu,N/A
SSB-264AA1001C,isb-wlc-1.cns.vt.edu,isb-wlc-1.cns.vt.edu,N/A
SSB-264AA1003B,isb-wlc-1.cns.vt.edu,isb-wlc-1.cns.vt.edu,N/A
SSB-264AA1005H,isb-wlc-1.cns.vt.edu,isb-wlc-1.cns.vt.edu,N/A
SSB-264AA1007P,isb-wlc-1.cns.vt.edu,isb-wlc-1.cns.vt.edu,N/A
SSB-264AA1009L,isb-wlc-1.cns.vt.edu,isb-wlc-1.cns.vt.edu,N/A
SSB-264AA1011E,isb-wlc-1.cns.vt.edu,isb-wlc-1.cns.vt.edu,N/A
SSB-264AA1013D,isb-wlc-1.cns.vt.edu,isb-wlc-1.cns.vt.edu,N/A
SSB-264AA1015M,isb-wlc-1.cns.vt.edu,isb-wlc-1.cns.vt.edu,N/A
SSB-264AA1017G,isb-wlc-1.cns.vt.edu,isb-wlc-1.cns.vt.edu,N/A
SSB-264AA1019X,isb-wlc-1.cns.vt.edu,isb-wlc-1.cns.vt.edu,N/A
SSB-264AA1021M,isb-wlc-1.cns.vt.edu,isb-wlc-1.cns.vt.edu,N/A
SSB-264AA1023B,isb-wlc-1.cns.vt.edu,isb-wlc-1.cns.vt.edu,N/A
SSB-264CA1001X,isb-wlc-1.cns.vt.edu,isb-wlc-1.cns.vt.edu,N/A
SSB-264CA1003J,isb-wlc-1.cns.vt.edu,isb-wlc-1.cns.vt.edu,N/A
SSB-264CA1005B,isb-wlc-1.cns.vt.edu,isb-wlc-1.cns.vt.edu,N/A
SSB-264CA1007S,isb-wlc-1.cns.vt.edu,isb-wlc-1.cns.vt.edu,N/A
SSB-264CA1009S,isb-wlc-1.cns.vt.edu,isb-wlc-1.cns.vt.edu,N/A
SSB-264CA1011A,isb-wlc-1.cns.vt.edu,isb-wlc-1.cns.vt.edu,N/A
SSB-264CA1013P,isb-wlc-1.cns.vt.edu,isb-wlc-1.cns.vt.edu,N/A
SSB-264CA1015Q,isb-wlc-1.cns.vt.edu,isb-wlc-1.cns.vt.edu,N/A
SSB-264CA1017W,isb-wlc-1.cns.vt.edu,isb-wlc-1.cns.vt.edu,N/A
SSB-264CA1019D,isb-wlc-1.cns.vt.edu,isb-wlc-1.cns.vt.edu,N/A
SSB-264CA1021U,isb-wlc-1.cns.vt.edu,isb-wlc-1.cns.vt.edu,N/A
SSB-264CA1023N,isb-wlc-1.cns.vt.edu,isb-wlc-1.cns.vt.edu,N/A
SSB-264CA1025F,isb-wlc-1.cns.vt.edu,isb-wlc-1.cns.vt.edu,N/A
SSB-264CA1027R,isb-wlc-1.cns.vt.edu,isb-wlc-1.cns.vt.edu,N/A
SSB-264CA1029N,isb-wlc-1.cns.vt.edu,isb-wlc-1.cns.vt.edu,N/A
SSB-264CA1031W,isb-wlc-1.cns.vt.edu,isb-wlc-1.cns.vt.edu,N/A
SSB-264CA1033X,isb-wlc-1.cns.vt.edu,isb-wlc-1.cns.vt.edu,N/A
SSB-264CA1035U,isb-wlc-1.cns.vt.edu,isb-wlc-1.cns.vt.edu,N/A
SSB-264CA1037A,isb-wlc-1.cns.vt.edu,isb-wlc-1.cns.vt.edu,N/A
SSB-264CA1039U,isb-wlc-1.cns.vt.edu,isb-wlc-1.cns.vt.edu,N/A
SSB-264CA1041F,isb-wlc-1.cns.vt.edu,isb-wlc-1.cns.vt.edu,N/A
SSB-264CA1043J,isb-wlc-1.cns.vt.edu,isb-wlc-1.cns.vt.edu,N/A
VTINN-1181D-Test,,,
WALA-396AB1001F,isb-wlc-1.cns.vt.edu,isb-wlc-1.cns.vt.edu,N/A
WALA-396AB1016E,isb-wlc-1.cns.vt.edu,isb-wlc-1.cns.vt.edu,N/A
WALA-396AB1032,isb-wlc-1.cns.vt.edu,aruba-masterisb-wlc-1.cns.vt.edu,N/A
